"Recovery Unplugged",544/0 Wilden Street Cook ACT,0493025829,-35.2042974729416,149.22579946081265,138,4,mexicanFood,true
"Treat Monger, The",723/6 London Circuit Holt ACT,0464150409,-35.25135693404016,149.06004673211302,77,5,koreanFood,true
"Taco Cabana",670/7 Petrie Street Coree ACT,0422115049,-35.429107608201534,149.2517189797099,19,4,turkishFood,false
"Paleface Grocery",21/1 Rimmer Street Comma ACT,0406681830,-35.2959642491986,148.96499836059797,63,1,mexicanFood,false
"Ola Poke",793/3 Alinga Street Downer ACT,0464063794,-35.31515590261871,149.24543945981256,271,4,japaneseFood,true
"Thundercloud Subs",746/4 Garema Place Spence ACT,0413745743,-35.178374493027846,148.95491453936722,207,5,americanFood,false
"BC - Snack Max",913/2 Murden Street Bruce ACT,0491517404,-35.24161203589907,149.1769069046783,92,5,italianFood,false
"Jet Stop",682/10 Bible Lane Ainslie ACT,0408554606,-35.14485063249527,149.24533378729652,131,1,indianFood,false
"LW - Metro Food Mart",944/3 Coranderrk Street Yarralumla ACT,0482810834,-35.175686419572095,149.05789627293905,291,2,mexicanFood,false
"LW - Merito Food Mart",879/0 Bible Lane Tuggeranong ACT,0461815904,-35.30232241180749,149.24857359182036,258,5,koreanFood,false
"Xing Long Chinese Cuisine",83/0 Alinga Street Cook ACT,0448118329,-35.261995834033506,149.1792000018821,37,5,italianFood,false
"Buffalo Wild Wings",458/2 Verity Lane Page ACT,0430355138,-35.40657080153135,149.13026130401173,73,3,thaiFood,true
"Wal-Mart Superstore",215/8 Wilden Street Spence ACT,0452793275,-35.235398157464346,149.02133840359488,273,4,thaiFood,false
"Wingstop",730/5 Tocumwal Lane Downer ACT,0435314943,-35.29922559289368,148.95353420142328,262,3,americanFood,true
"La Hacienda Market II",385/5 Hales Street Scullin ACT,0496520960,-35.17271818553042,149.0361687889589,123,4,americanFood,false
"Circle K",751/10 Bible Lane Page ACT,0401202571,-35.17467262832829,149.1255900592193,207,5,koreanFood,false
"WL - P. Terry's Burger Stand",685/5 Scotts Crossing Bruce ACT,0427052502,-35.31239291855914,149.17367170152176,166,3,turkishFood,false
"Biryani & Co.",496/10 Phillip Law Street Downer ACT,0400858274,-35.16748619255461,149.07884393960157,217,5,italianFood,true
"Fukumoto",246/9 Wilden Street Cook ACT,0452185437,-35.20763564216503,149.11762994831392,11,4,indianFood,false
"Irene's",694/1 Verity Lane Campell ACT,0466278089,-35.3984702553285,149.08296809949184,297,3,japaneseFood,true
"Payless Food Store",197/2 Commonwealth Avenue Yarralumla ACT,0442178614,-35.34259112641834,149.13405790117753,143,1,turkishFood,true
"Jack in the Box",830/3 Bible Lane Bruce ACT,0452324769,-35.31362837806861,149.2140234100588,120,1,americanFood,false
"Child, Inc. - Ortega Preschool",587/9 William Clemens Street Downer ACT,0441414692,-35.40371510869012,149.19621506912668,218,2,italianFood,true
"Schlotzsky's Deli",544/10 Odgers Lane Tuggeranong ACT,0447848448,-35.240740634291875,149.04022964573485,17,5,frenchFood,true
"Peche",886/1 Cooyong Street Kaleen ACT,0498458169,-35.400043712186275,148.99714554985746,171,3,chineseFood,true
"LW - Lakeway Elementary School",72/6 Commonwealth Avenue Comma ACT,0431493070,-35.33525907785172,149.0880592355584,192,3,thaiFood,false
"Dobie Mall - Burrito Factory",830/9 Northbourne Avenue Ainslie ACT,0450742669,-35.4226062474634,149.15613880583797,73,1,japaneseFood,true
"Seafood Shack",516/6 Canberra Walk Barton ACT,0413028486,-35.40515252725027,149.04471150975854,177,4,malaysianFood,true
"24 Diner",75/1 Rabaul Lane Cook ACT,0440745090,-35.20583933504231,149.10299889608388,217,4,americanFood,true
"Flying Pig Provision Company",163/7 Theatre Lane Barton ACT,0418411517,-35.429528216730226,149.20263420399223,108,4,japaneseFood,false
"Thai Taste",250/2 Allara Street Tuggeranong ACT,0420669850,-35.167643808321486,149.1931323441493,257,5,koreanFood,false
"ABIA - Haymaker Sports Bar",329/9 Phillip Law Street Cook ACT,0446082169,-35.198392905693446,149.11237154004388,168,4,malaysianFood,false
"Bat City Gelato",362/8 Baldessin Crescent Melba ACT,0422186828,-35.39364610727254,148.9936451324995,294,5,malaysianFood,false
"7-Eleven Convenience Store",938/9 Moore Street Gungahlin ACT,0451614293,-35.26190700534412,149.21854685971925,214,3,malaysianFood,true
"Momo Sushi",960/4 Baldessin Crescent Latham ACT,0485453411,-35.2292993702989,149.12567196113022,244,1,indianFood,true
"Odd Pop, LLC",132/9 Allsop Street Gungahlin ACT,0421490913,-35.22626383731722,148.99335903361725,142,5,chineseFood,true
"BC - Simply Pho House",689/9 Latin American Plaza Braddon ACT,0481606204,-35.41361746804448,149.1585685111832,220,4,chineseFood,false
"Hangar Lounge",544/1 Vernon Circle Bruce ACT,0472590997,-35.19658894254709,149.08780986320787,56,4,japaneseFood,false
"Barrett's Coffee",341/10 Edinburgh Avenue Kaleen ACT,0422011538,-35.174469572374676,149.1623673812568,154,1,frenchFood,true
"Al's Food Mart",245/10 Hutton Street Cook ACT,0418502662,-35.38048760581201,149.2223863780785,182,1,turkishFood,false
"Martin Jr High",294/5 Farrell Place Evatt ACT,0461050854,-35.43909160075117,149.23406520890367,106,3,thaiFood,false
"Courtyard by Marriott Austin Airport",762/6 Ainslie Place Braddon ACT,0483277011,-35.2793230987271,149.08511108585367,203,2,mexicanFood,true
"Family Dollar Stores of TX., LLC",426/0 Barry Drive Ainslie ACT,0422790802,-35.20734299775215,149.05709825910876,279,5,japaneseFood,false
"Allison Elementary",770/0 Allsop Street Barton ACT,0493734339,-35.384630508184316,148.99922557637086,253,4,indianFood,true
"Gourmands",457/10 Petrie Street Scullin ACT,0409042352,-35.219074327168435,149.2012213494166,153,4,mexicanFood,true
"Two Spoons",146/8 Narellan Street Holt ACT,0423826760,-35.25887838936872,149.14643374700728,295,3,mexicanFood,true
"Barn, The",507/8 Mort Street Barton ACT,0443530648,-35.24121973409408,149.15262053709418,208,1,chineseFood,true
"Captain Quakenbush's Coffee House",723/7 Parkes Way Woden ACT,0412980548,-35.27462294474413,149.07393941692854,166,5,malaysianFood,true
"Express Food Mart",743/0 Darwin Place Ainslie ACT,0485292902,-35.16557648186522,149.25187641512588,81,1,malaysianFood,true
"CVS Pharmacy",714/4 London Circuit Tuggeranong ACT,0491017932,-35.427504877462205,149.08243398185724,253,4,mexicanFood,true
"MN - Shipley Donuts",928/2 Rimmer Street Barton ACT,0433977442,-35.20015469053315,149.20589616291232,49,3,americanFood,false
"Royal Blue Grocery",403/4 West Row Braddon ACT,0413360507,-35.135158392412265,149.17931613155693,181,4,malaysianFood,false
"Opal Divines Austin Grill",581/4 Kendall Lane Bruce ACT,0409224837,-35.27061211318555,149.23357793837906,206,2,mexicanFood,true
"8 - Track",412/0 Coranderrk Street Bruce ACT,0441717157,-35.38059933992445,149.06503875539403,10,4,turkishFood,false
"Cenikor Foundation",715/9 Latin American Plaza Comma ACT,0409163958,-35.27304492626617,148.99435709834626,298,5,chineseFood,false
"MN - Domino's Pizza",272/10 Allsop Street Downer ACT,0451959729,-35.16753257610772,148.99624594563213,258,2,indianFood,true
"Buffet King",384/7 Coranderrk Street Gungahlin ACT,0489828263,-35.388206383323194,148.97234525657674,85,5,thaiFood,true
"Kikka@Whole Foods Arbor Trails",774/2 Scotts Crossing Majura ACT,0496060193,-35.17970256561207,148.95587929565156,236,4,mexicanFood,false
"RW - Chinatown",628/7 Scotts Crossing Braddon ACT,0459091276,-35.36884056215733,149.1023356400305,201,3,frenchFood,false
"McDonald's",854/3 London Circuit Downer ACT,0489294283,-35.41047469557107,148.96420771787362,123,1,indianFood,true
"Sonic",316/0 Rimmer Street Bruce ACT,0468312676,-35.2152301119468,149.1090803110267,236,4,japaneseFood,true
"Austin Groups for the Elderly",427/5 Baldessin Crescent Majura ACT,0483438558,-35.43554408688417,148.98547675003667,244,2,malaysianFood,true
"Pizza Hut",935/4 Tocumwal Lane Barton ACT,0456963399,-35.36276756724692,149.13520665621692,222,1,japaneseFood,true
"Zax Restaurant and Bar",429/7 Mort Street Woden ACT,0480492502,-35.34567014159537,149.07963131777376,44,5,thaiFood,false
"Sap's Fine Thai Cuisine",248/4 Mort Street Spence ACT,0496201402,-35.182228270416104,148.95733661591998,62,2,thaiFood,false
"C-Mart",779/4 Narellan Place Reid ACT,0454703436,-35.28514669993646,149.1322108368486,46,5,turkishFood,false
"Rogue Running",408/5 Hobart Place Spence ACT,0448440302,-35.224023645141976,149.1341544482949,71,3,japaneseFood,true
"Sage Recovery Villa",679/8 Latin American Plaza Ainslie ACT,0485596514,-35.1564226109186,149.06481049223774,42,5,koreanFood,true
"Jersey Mikes Subs",840/10 Murden Street Holt ACT,0445039311,-35.248555720460956,149.040777663033,247,4,americanFood,false
"Stepping Stone School",727/6 Gordon Street Downer ACT,0475388307,-35.228248740691846,149.09970751214564,263,3,turkishFood,true
"Baldwin Elementary",250/8 East Row Tuggeranong ACT,0423171121,-35.329489302352336,149.21926135082896,118,3,chineseFood,false
"Onion Creek Texaco",445/9 Vernon Circle Bruce ACT,0496279773,-35.18196567083944,149.17176378538818,147,4,chineseFood,false
"Danelia Rogel Fruit Cup Shop LLC",865/5 University Avenue Woden ACT,0418059567,-35.331040469362094,148.9958332601887,174,2,chineseFood,false
"Subway 66727",863/2 East Row Comma ACT,0463466257,-35.247254555386945,149.21555335683934,217,1,malaysianFood,true
"Austin Childrens Shelter",858/1 Latin American Plaza Latham ACT,0480904849,-35.350220473350085,149.21431018539127,41,5,turkishFood,false
"EPIC POKE",722/7 Hales Street Majura ACT,0447253313,-35.17037452169733,149.12844265074924,140,2,chineseFood,true
"Thorough Bread",917/1 Mort Street Gungahlin ACT,0452783126,-35.28866442492344,148.98844728472733,209,3,japaneseFood,false
"Burger King",405/0 Bible Lane Holt ACT,0482368606,-35.15645479675328,149.0255165091673,81,4,americanFood,false
"Sharetea",975/4 Mort Street Kaleen ACT,0478422839,-35.249315913802974,149.11229973616815,178,5,chineseFood,false
"Moms 8 Enterprises Inc.",982/7 Moore Street Evatt ACT,0463458547,-35.35681162669554,149.09536980617742,160,4,japaneseFood,true
"Oskar Blues Brewery",176/3 Garema Place Campell ACT,0431308502,-35.16970033685785,149.17490351850017,32,4,mexicanFood,false
"Fresh Plus - Deli",498/1 University Avenue Page ACT,0447688301,-35.40034534664661,149.00581694828296,76,3,indianFood,false
"Placita's Restaurant",427/8 London Circuit Evatt ACT,0437611684,-35.28019536074571,149.21248056274916,101,3,thaiFood,false
"Kerbey Lane Cafe",205/9 Canberra Walk Braddon ACT,0401463507,-35.42014130138852,149.1331766228292,61,3,japaneseFood,true
"Circle K",729/4 Petrie Street Holt ACT,0450726647,-35.31146576102158,149.1303264862334,291,2,thaiFood,false
"WL - West Lake Market",254/7 Rabaul Lane Kaleen ACT,0414183308,-35.20244243553695,149.2006015251936,82,2,chineseFood,true
"COTA- Bev Bar 1 Main Grand Stand West",138/10 Barry Drive Page ACT,0495505430,-35.404123515426924,149.14569693449786,282,5,japaneseFood,false
"Taqueria La Familia Mex Restaurant Inc",493/1 Allsop Street Bruce ACT,0494804772,-35.41880367409099,149.23867939759683,254,2,japaneseFood,true
"Via 313 Pizza",159/0 Ellery Crescent Spence ACT,0417007671,-35.31844057844566,149.0654515700555,35,3,malaysianFood,true
"Drink.Well.",572/5 Narellan Place Evatt ACT,0419118334,-35.38655660566338,149.21498544780474,228,2,japaneseFood,false
"Whole Foods Market - Prepared Foods",30/8 Hobart Place Melba ACT,0472371288,-35.29455614159662,149.0137547398947,19,3,thaiFood,true
"Casino El Camino",913/3 Barry Drive Melba ACT,0428008409,-35.38368509793562,149.0012378911545,288,2,italianFood,false
"Wendy's",312/2 Binara Street Scullin ACT,0478681585,-35.142277199450874,149.2023780794554,212,1,japaneseFood,false
"Austin's Pizza-Index Hospitality",493/0 Rabaul Lane Bruce ACT,0457118230,-35.233150258131964,149.171742975391,134,1,japaneseFood,false
"Mr. Zip",844/3 Odgers Lane Kaleen ACT,0410293912,-35.3477885593607,149.08741963857116,123,4,chineseFood,false
"P. Terry's Burger Stand",50/0 University Avenue Spence ACT,0483485102,-35.20982095091861,149.20355770202735,298,4,koreanFood,false
"Taco Shack III",185/4 West Row Downer ACT,0448737421,-35.393622128252275,148.95716203747068,75,5,turkishFood,false
"Austin Transitional Center",967/1 Repertory Lane Gungahlin ACT,0445735186,-35.14508135740715,149.0577889632499,59,4,chineseFood,false
"HandleBar",689/10 Hutton Street Campell ACT,0485968482,-35.216438905906436,149.03247580858556,174,3,thaiFood,true
"Austin's Pizza",437/10 Hillside Lane Page ACT,0481460757,-35.22860457746385,149.111170821056,44,1,japaneseFood,false
"Kappa Kappa Gamma",376/1 Constitution Avenue Gungahlin ACT,0430476826,-35.1683197522154,149.20136722802005,29,4,japaneseFood,true
"Lone Star Kolaches",763/4 Garema Place Campell ACT,0482733983,-35.33502226780232,149.15293097732692,190,5,italianFood,false
"7-Eleven Convenience Store",112/6 Narellan Place Kaleen ACT,0494586515,-35.40382257600704,149.06571576517038,190,3,koreanFood,false
"Culinary Dropout",607/3 Odgers Lane Braddon ACT,0433118541,-35.29557065155434,148.99820974423443,60,5,malaysianFood,true
"CVS/Pharmacy ",504/0 Bible Lane Latham ACT,0439715781,-35.22834544809283,149.14674867194353,292,3,chineseFood,false
"512 Boutique Events",841/7 Marcus Clarke Street Woden ACT,0454214528,-35.218070578919956,149.23081394445578,103,3,japaneseFood,false
"Los Buhos",494/6 Allsop Street Campell ACT,0400466430,-35.24240870181842,149.14081063729736,272,3,mexicanFood,true
"Jamba Juice",669/4 Moore Street Comma ACT,0446473758,-35.1352104185238,149.17392814483668,163,4,indianFood,true
"Paramount Theatre",654/5 Vernon Circle Reid ACT,0453442661,-35.18804195545642,149.04252789142328,36,3,turkishFood,true
"Texican Cafe",559/3 Theatre Lane Coree ACT,0425629355,-35.30782054265836,148.96740189327707,266,4,thaiFood,true
"Sushi Niichi",160/6 Phillip Law Street Coree ACT,0407314989,-35.187453458865086,149.07697617055175,237,1,koreanFood,false
"BC - Emerald Restaurant",652/7 Narellan Place Reid ACT,0488821536,-35.21527459857465,149.22826884067214,151,3,americanFood,true
"Rice is Right",191/4 Latin American Plaza Evatt ACT,0411062329,-35.358402724202236,149.19555921438055,32,3,frenchFood,true
"Be More Pacific",633/4 Kendall Lane Reid ACT,0406486204,-35.287693337012094,149.15206741312622,69,3,malaysianFood,true
"Lone Star Family Market",259/7 Rabaul Lane Page ACT,0491977605,-35.32360859167552,148.96574439694425,90,2,americanFood,false
"Fogo De Chao Churrascaria",575/9 Marcus Clarke Street Coree ACT,0469458119,-35.23893918805161,149.13990636363505,69,4,frenchFood,false
"One Taco",637/8 Cooyong Street Yarralumla ACT,0456392361,-35.246855381654484,149.19946493746335,29,3,indianFood,true
"Conley Guerrero Sr. Activity",469/2 William Clemens Street Latham ACT,0429143037,-35.24576510725852,149.16477082498125,263,5,japaneseFood,false
"Paramount Theatre",431/6 Darwin Place Downer ACT,0412173663,-35.26747667209932,149.1771192655211,61,2,malaysianFood,true
"Half Step",657/5 Rudd Street Holt ACT,0424027417,-35.431437160358705,149.25193842635554,62,4,thaiFood,false
"Asti Trattoria",713/3 Gordon Street Ainslie ACT,0486648650,-35.43104375320351,149.04097665310042,162,2,italianFood,false
"Casis Elementary",466/0 Alinga Street Yarralumla ACT,0411615152,-35.24987138654068,149.07816021240407,74,2,malaysianFood,false
"BC - CVS/ Pharmacy",56/6 Canberra Walk Bruce ACT,0415218575,-35.349527623959645,149.17365769948123,188,2,italianFood,false
"Swoon Hospitality (Hanks)",768/1 Kingsley Street Reid ACT,0475653024,-35.34467415536806,149.10138673619258,42,2,italianFood,false
"Taco Cabana",267/2 Latin American Plaza Evatt ACT,0435327241,-35.417192599767255,149.02072320600712,149,2,indianFood,false
"7 Eleven",853/6 Knowles Place Tuggeranong ACT,0474388892,-35.168162185048146,149.03463974000815,95,4,malaysianFood,false
"Walgreens",209/10 Riverside Lane Cook ACT,0492221869,-35.24717071897736,149.21469871788557,49,4,frenchFood,true
"Dominos Pizza",40/9 Rabaul Lane Woden ACT,0461918780,-35.303334018373874,149.01871258783572,56,4,turkishFood,false
"Palazio",185/8 Rabaul Lane Cook ACT,0454464373,-35.41227030770266,149.16382821396988,231,1,chineseFood,false
"Texas Roadhouse",636/3 Kingsley Street Braddon ACT,0426570857,-35.297586823634724,149.21577849087132,224,2,koreanFood,true
"Smokey Mo's BBQ",422/9 William Clemens Street Spence ACT,0456449969,-35.381379020088126,149.088747840593,80,4,americanFood,false
"Subway",582/10 Barry Drive Evatt ACT,0402727235,-35.39915328059863,149.22983302050227,52,4,mexicanFood,false
"Egg Roll Express",746/8 Bunda Street Ainslie ACT,0424286673,-35.33199753304579,149.1337408898223,39,4,japaneseFood,true
"Quality Inn & Suites",54/0 Ainslie Avenue Bruce ACT,0442490703,-35.20073255346153,149.0376499701481,44,1,turkishFood,false
"School in the Hills",725/4 Darwin Place Scullin ACT,0403755851,-35.31723016016323,149.1405499489094,232,1,americanFood,true
"HEB",386/0 Theatre Lane Evatt ACT,0413349586,-35.376177628931146,149.07347360153054,86,2,chineseFood,false
"Michi Ramen",537/4 Ballumbir Street Latham ACT,0484216368,-35.377184848462846,149.15826813153865,236,1,mexicanFood,false
"Smooth & Savory",958/8 Tocumwal Lane Reid ACT,0451355726,-35.20780637556806,148.9584267475613,63,3,chineseFood,true
"McDonald's",820/3 Edinburgh Avenue Cook ACT,0401263264,-35.39593691304942,148.985132981298,39,2,koreanFood,true
"Fat Cats Organic Coffee & Desserts",1/0 Narellan Place Scullin ACT,0450963755,-35.3594730991984,149.1953349839819,228,2,japaneseFood,false
"Kentucky Fried Chicken",504/1 Darwin Place Campell ACT,0462764160,-35.40958827292555,149.2379369806363,83,1,chineseFood,false
"Oasis Cantina",89/5 Kendall Lane Kaleen ACT,0466857135,-35.227367857869034,149.17738353843134,262,3,japaneseFood,false
"7 - Eleven Convenience Store",669/0 Mort Street Tuggeranong ACT,0412045928,-35.301751661883436,149.16227718825778,97,4,thaiFood,true
"Anewentry, Inc",439/0 Repertory Lane Spence ACT,0497670374,-35.29752659468486,149.10448117116422,17,3,koreanFood,false
"Brookdale Beckett Meadows",534/10 Nangari Street Coree ACT,0479076564,-35.17117948623944,149.1768124773415,266,5,frenchFood,true
"Rain on 4th",704/3 Childers Street Braddon ACT,0482930842,-35.42576708332105,149.0016203603267,261,5,malaysianFood,true
"Don Dario's Mexican Restaurant & Cantina",474/3 Marcus Clarke Street Barton ACT,0413261791,-35.26523045605832,149.11293887532338,208,4,koreanFood,true
"Sugar Mama's Bakeshop",370/3 Kendall Lane Reid ACT,0484748491,-35.22098931625299,149.23487375410477,99,2,chineseFood,true
"EZ Food Stores",998/4 Ainslie Avenue Page ACT,0435843419,-35.179308076228395,149.2200592779932,62,1,malaysianFood,true
"TLV",471/3 The Mews Page ACT,0447328450,-35.31677896499128,149.04344822521225,139,1,mexicanFood,true
"Watermill Express",446/1 Latin American Plaza Gungahlin ACT,0472670079,-35.18054307518955,149.01520440938316,260,2,mexicanFood,true
"Minimax Food Mart",173/9 Garema Place Majura ACT,0406583778,-35.392822696353704,149.03987176582794,282,3,frenchFood,true
"Alamo Drafthouse Cinema",456/0 Parkes Way Spence ACT,0406907006,-35.205430155680524,149.1374528486314,85,5,italianFood,true
"WL - Bidermans Deli",124/8 Edinburgh Avenue Spence ACT,0490429515,-35.30698959637739,149.0062281977052,233,2,thaiFood,true
"Staybridge Suites",978/7 London Circuit Ainslie ACT,0483645125,-35.25179715688995,149.21029700454514,76,1,frenchFood,false
"Lupitas Catering",90/2 Edinburgh Avenue Kaleen ACT,0414974442,-35.227202593606194,148.96605370950863,88,1,mexicanFood,true
"Little Mexico",841/10 Coranderrk Street Reid ACT,0416036054,-35.29590990804728,149.2206541216301,224,3,mexicanFood,false
"WL - Gold's Gym",679/3 University Avenue Cook ACT,0452541221,-35.41091305909848,149.1200306324286,195,5,thaiFood,false
"RZ Food Mart",123/7 Odgers Lane Kaleen ACT,0459715308,-35.20118293668899,149.0777026262141,275,2,malaysianFood,true
"HEB Food Store",277/3 Kingsley Street Spence ACT,0422218372,-35.37729975957739,149.1980588341314,17,5,thaiFood,false
"Circle K Store",704/6 Parkes Way Downer ACT,0402990085,-35.33767540309397,149.00631620559847,264,2,japaneseFood,false
"C-Mart",265/6 Hobart Place Evatt ACT,0475722742,-35.30174474256337,149.09119845100562,48,3,italianFood,false
"Taj Palace Restaurant",142/1 Allsop Street Latham ACT,0410491869,-35.13439154229996,149.1313835399188,34,2,chineseFood,false
"LW - Dominos Pizza",865/0 Garema Place Holt ACT,0462365853,-35.391746728262866,149.0261342805815,290,4,chineseFood,true
"Randall's",890/8 Mulwala Lane Woden ACT,0450917717,-35.253153781019755,149.21875938118686,155,3,italianFood,false
"Salata",845/5 Petrie Street Woden ACT,0478074392,-35.20092068136539,149.11438828356614,281,1,japaneseFood,false
"Counter Culture",603/1 Ballumbir Street Evatt ACT,0406888574,-35.15432534390285,149.1347836536487,197,4,indianFood,true
"Heart Hospital of Austin",16/5 Mccoy Circuit Latham ACT,0412671045,-35.29620700039608,149.22317183757517,76,4,indianFood,false
"Epic Fun",929/10 Canberra Walk Coree ACT,0441848685,-35.23892589445662,149.0503674308256,163,2,chineseFood,true
"Foxhole Culinary Tavern",201/1 Moore Street Scullin ACT,0475431127,-35.2217889276307,149.08213021126267,42,4,italianFood,false
"Don Japanese",807/10 Narellan Place Holt ACT,0455598346,-35.18265297631124,149.02028230295454,25,5,japaneseFood,false
"BC - ThunderCloud Subs",845/4 Repertory Lane Kaleen ACT,0410522817,-35.340217473894384,149.01559676696155,136,2,turkishFood,true
"Pizza Hut",54/0 The Mews Comma ACT,0400968889,-35.35202140688526,149.23784775207645,212,4,italianFood,false
"Once Over Coffee Bar",765/8 Darwin Place Page ACT,0469006297,-35.17917258655506,149.026405961679,129,3,chineseFood,false
"Mi Pueblito Market",611/3 Murden Street Tuggeranong ACT,0478869274,-35.3985294643908,149.02870732499386,227,3,frenchFood,false
"Austin Presbyterian Theological Seminary",682/8 William Herbert Place Tuggeranong ACT,0437699891,-35.207116127538754,149.2487443911287,233,3,japaneseFood,false
"Kikka Sushi @ Whole Foods",466/7 Allara Street Yarralumla ACT,0482069600,-35.14080629000928,149.2492926103187,235,3,italianFood,false
"Costa del Sol",485/8 Binara Street Woden ACT,0403020819,-35.29121873977684,149.0074597915344,59,2,indianFood,false
"KIPP Austin Public Schools, Inc",88/4 Coranderrk Street Reid ACT,0469418837,-35.3495696399979,149.21558564061334,176,4,americanFood,false
"La Quinta Inn",565/0 Narellan Street Holt ACT,0459559582,-35.313792372728535,149.03121366740683,140,3,thaiFood,false
"Black Walnut Cafe",729/5 Darwin Place Campell ACT,0435594922,-35.14785549394944,149.1986553552821,246,5,frenchFood,true
"Cyclo Restaurant",296/10 Theatre Lane Latham ACT,0409648734,-35.417995904150416,149.15444831292203,143,1,japaneseFood,false
"Michi Ramen 2",257/9 Baldessin Crescent Cook ACT,0486746140,-35.41802919982991,149.05576665717047,155,3,italianFood,true
"In-N-Out Burger",458/7 London Circuit Majura ACT,0473242067,-35.439329606959745,148.99429344388358,72,4,thaiFood,true
"BC - Bon Japanese Cuisine",157/1 Parkes Way Evatt ACT,0495642885,-35.280526024834366,149.11825205088348,172,1,chineseFood,false
"West Cypress Hills Elementary School",257/7 Nangari Street Gungahlin ACT,0463175599,-35.225743376279866,149.10290198672539,97,2,turkishFood,true
"Vigilante Gaming Bar",640/9 Ballumbir Street Ainslie ACT,0431828190,-35.3570967259581,149.1385006850529,67,5,italianFood,true
"Sweet Treets Bakery",498/8 Binara Street Holt ACT,0419048989,-35.244210870741334,149.19263377250817,198,1,italianFood,true
"Signature",800/9 Barry Drive Woden ACT,0409057386,-35.20229122107726,148.9766143785043,218,2,japaneseFood,true
"TaqueriaTierra Del Sol",925/3 Vernon Circle Bruce ACT,0483440743,-35.39245287025631,149.0632630660911,276,4,americanFood,true
"Dobie Mall--Niki's Pizza",909/0 Canberra Walk Bruce ACT,0418003951,-35.39768582006472,149.14149049793954,277,1,mexicanFood,true
"Little Deli & Pizzeria",659/9 Ellery Crescent Bruce ACT,0418960068,-35.20394035262821,149.14257228626053,11,3,turkishFood,true
"Walton's Fancy & Staple",494/3 Tocumwal Lane Tuggeranong ACT,0413804272,-35.416097054890194,149.22784885895518,284,1,japaneseFood,true
"Parsons House @ Austin",104/2 Hobart Place Holt ACT,0498930111,-35.43396743870832,149.04075229486133,245,4,koreanFood,false
"Starbucks",457/9 Coranderrk Street Tuggeranong ACT,0476187865,-35.36977592449553,149.11500959141017,41,1,malaysianFood,true
"Tamale House",860/3 Alinga Street Coree ACT,0436693674,-35.35519649350681,149.19440032910413,76,5,turkishFood,false
"The Kebab Shop",100/8 Parkes Way Bruce ACT,0444459993,-35.34806159836554,149.03839916362895,58,5,chineseFood,false
"Escuelita del Alma",98/1 Rimmer Street Coree ACT,0436445128,-35.31111723416809,148.96653090455052,56,5,indianFood,false
"Deliver Eat Repeat",52/8 East Row Comma ACT,0432119245,-35.39390488185684,148.984307108132,242,1,indianFood,true
"Sur La Table",708/8 Commonwealth Avenue Majura ACT,0403682316,-35.42639441623632,149.0859500179302,282,3,frenchFood,false
"TKO Nutrition",448/2 Marcus Clarke Street Coree ACT,0490314308,-35.21871003002401,149.22004887477613,181,3,americanFood,true
"St. Elmo Elementary",641/0 Petrie Plaza Spence ACT,0467522567,-35.18264637491658,148.9523635863909,86,4,mexicanFood,false
"MN - Wal-Mart",219/10 Hobart Place Scullin ACT,0429040969,-35.37086432716415,149.1964003243033,279,3,italianFood,true
"Flea Market",931/8 Garema Place Woden ACT,0455886036,-35.2891528068287,149.16471846809404,299,1,americanFood,true
"Sour Duck Market",126/0 Allara Street Yarralumla ACT,0468325890,-35.24709041393084,149.14314179971038,102,2,indianFood,true
"Minimax Food Mart",319/3 Kendall Lane Evatt ACT,0472692079,-35.26777087164294,149.05912303324587,242,5,americanFood,true
"Kung Fu Tea",461/3 William Clemens Street Page ACT,0484149145,-35.38783907548308,149.24805336538253,245,5,thaiFood,false
"Outback Steakhouse",620/1 Kendall Lane Tuggeranong ACT,0419273460,-35.33835176263119,149.01148880769256,166,4,turkishFood,true
"Ojeda Middle School Concession Stand",823/8 Allsop Street Holt ACT,0453916826,-35.28996469380195,149.2279762842053,68,3,malaysianFood,false
"Unbarlievable",909/10 University Avenue Scullin ACT,0426283563,-35.224747703341095,149.2267921175062,167,1,japaneseFood,false
"Jack in the Box",227/5 Marcus Clarke Street Evatt ACT,0494725563,-35.42671777400576,149.03263221402173,143,3,turkishFood,false
"Hay Elotes",604/9 The Mews Ainslie ACT,0422117974,-35.30296171909244,149.08404617722408,152,3,frenchFood,true
"Hay Elotes",577/5 Wilden Street Gungahlin ACT,0466999496,-35.39861138963476,149.22865603990428,21,3,thaiFood,true
"Laurel Mountain Elem School",738/7 Ainslie Place Melba ACT,0438082526,-35.18220300741464,149.0152543957317,245,3,frenchFood,false
"Walton's Fancy & Staple",607/7 Theatre Lane Gungahlin ACT,0438576997,-35.14290640390888,149.00232150634588,210,1,japaneseFood,true
"Uncle Phan Restaurant LLC",990/0 Bible Lane Woden ACT,0435589564,-35.21722210169397,149.02549334028515,62,4,indianFood,true
"Zeta Tau  Alpha Sorority",147/8 Kingsley Street Cook ACT,0490943768,-35.1971770815151,149.19728838500444,128,3,italianFood,false
"Saint Michael's Catholic Academy Dining Hall",374/6 Mccoy Circuit Cook ACT,0479351357,-35.21724334682744,149.23730479880567,202,1,americanFood,false
"Wingstop",76/0 Baldessin Crescent Scullin ACT,0437030791,-35.22467758935907,149.03093984081056,123,5,thaiFood,false
"La Michoacana Taqueria",870/1 Ballumbir Street Spence ACT,0493222332,-35.22535343467049,149.21959083307019,203,5,koreanFood,true
"Madam Mam's",29/1 Baldessin Crescent Scullin ACT,0450564406,-35.2003453977466,149.24914359652155,98,4,thaiFood,true
"Super 8 Capitol Downtown",842/4 Marcus Clarke Street Woden ACT,0411957056,-35.239944378367476,149.0772787004606,235,2,koreanFood,false
"Wholly Cow Burgers",949/8 Repertory Lane Braddon ACT,0473296607,-35.40826961348063,149.06746586260508,141,3,thaiFood,true
"Omelettry, The",376/8 Hales Street Gungahlin ACT,0488999799,-35.15328352568836,149.13513831952605,45,2,koreanFood,true
"Angel's Ice House",123/8 Bible Lane Tuggeranong ACT,0405254323,-35.336102353008734,148.9753420499587,30,5,chineseFood,true
"LW - Flores Mexican Restaurant",666/6 Marcus Clarke Street Reid ACT,0407685509,-35.239164816157675,149.20441154764274,120,4,turkishFood,true
"Del Valle ISD Opportunity Center",349/7 Narellan Street Scullin ACT,0428574933,-35.40591688788753,149.16991743369644,62,1,thaiFood,false
"La Feria Restaurant",883/1 Narellan Place Campell ACT,0452823506,-35.23956305283404,149.08541166228653,234,3,chineseFood,false
"La Casita Mexican Restaurant",621/7 East Row Bruce ACT,0455685266,-35.21535157569834,148.95851214001203,280,2,koreanFood,true
"Chocolaterie Tessa",526/3 Verity Lane Holt ACT,0459029552,-35.15934499148817,149.0893447948874,207,4,chineseFood,false
"GRIZZELDAS",264/5 Akuna Street Gungahlin ACT,0427654063,-35.31433791447452,149.19159001416438,214,1,malaysianFood,true
"K Bop",838/6 Kingsley Street Holt ACT,0449159435,-35.31932215553662,148.9948328150206,49,1,italianFood,false
"Eddie V's",167/10 Riverside Lane Yarralumla ACT,0449761510,-35.23616681922391,149.02225590185148,222,4,turkishFood,true
"HEB",699/10 Ballumbir Street Bruce ACT,0485111911,-35.24323081428796,148.9867342936672,92,4,thaiFood,false
"Whole Foods Market",329/6 Knowles Place Spence ACT,0414603865,-35.34458547124739,149.12651627853566,220,2,malaysianFood,true
"Local Post, The",97/0 Garema Place Woden ACT,0496933672,-35.36354749321772,149.0133506236877,33,3,frenchFood,false
"Red Pepper Szechaun Restaurant",184/10 Bible Lane Campell ACT,0451659605,-35.41144540695006,149.21774779867062,268,4,malaysianFood,false
"Gringas Tacos LLC",16/10 Ainslie Place Tuggeranong ACT,0412095987,-35.355988590435835,149.1468876475255,299,2,frenchFood,false
"ARAMARK @ Rack Space",709/5 Verity Lane Ainslie ACT,0420868934,-35.2206935132302,149.01438754043292,33,2,japaneseFood,true
"Paradise On Ice, LLC",480/3 Wilden Street Braddon ACT,0498514549,-35.2997511838614,149.2288240313594,156,4,chineseFood,true
"Willie's Burgers and BBQ",331/3 Northbourne Avenue Majura ACT,0438148948,-35.23932721737795,149.1601569460288,41,2,americanFood,true
"Jack in the Box",721/6 Repertory Lane Tuggeranong ACT,0438541248,-35.149291466813246,149.1730118987111,288,4,turkishFood,false
"Accent Food Service",273/1 Latin American Plaza Gungahlin ACT,0433358961,-35.246744653031655,148.99571623994288,52,4,thaiFood,true
"Cherry Creek Catfish Company",345/8 Tocumwal Lane Tuggeranong ACT,0497479639,-35.25157718301041,149.1275300498352,68,3,turkishFood,true
"Paola's Kitchen",764/4 Barry Drive Yarralumla ACT,0416320471,-35.40617198009802,149.12170114924146,156,5,turkishFood,true
"Deerpark Middle School",378/8 Repertory Lane Scullin ACT,0497251554,-35.31833878501395,149.20694871736416,105,5,chineseFood,true
"Yager Food Store",394/4 Cooyong Street Reid ACT,0481451427,-35.17390612759957,149.01897134443902,133,3,koreanFood,true
"Bluebonnet School of Canyon Creek",573/6 Phillip Law Street Downer ACT,0454178258,-35.36958787547699,149.0331342577577,33,1,frenchFood,false
"McDonald's ",324/10 Akuna Street Holt ACT,0494258728,-35.23011629599284,149.15857056016557,298,5,japaneseFood,true
"El Jacalito",896/2 Ballumbir Street Scullin ACT,0451721924,-35.425248567413256,149.09702695106236,187,5,thaiFood,false
"Tinos Greek Cafe",26/10 Ainslie Avenue Gungahlin ACT,0435743779,-35.39967433860868,149.10520881278387,174,5,koreanFood,false
"Speedy Stop",97/4 Mulwala Lane Holt ACT,0431989155,-35.14241548287525,149.04905977314732,97,5,frenchFood,true
"Flea Market",203/2 East Row Majura ACT,0462471922,-35.376017029585924,149.0520067931058,37,4,italianFood,false
"Simmering Soup Co.",117/7 Hillside Lane Melba ACT,0459328914,-35.266945187621786,149.13047658081527,37,3,indianFood,true
"Residence Inn Austin Airport",874/0 East Row Majura ACT,0411190369,-35.33242316136066,149.00689818779225,157,3,japaneseFood,true
"EPOCH Coffee",275/2 Alinga Street Kaleen ACT,0466027488,-35.344792658940996,149.16543428740314,169,3,malaysianFood,false
"A. R. Market",401/6 West Row Tuggeranong ACT,0490633406,-35.40079855016838,149.0511766550551,293,1,americanFood,true
"MN- Shadowglen Elementary",718/0 London Circuit Reid ACT,0447235818,-35.35047869881711,149.09639503503038,139,3,mexicanFood,true
"LifeWorks Division",533/8 Ballumbir Street Reid ACT,0445455368,-35.30900364129803,149.1623488124566,127,3,chineseFood,true
"El Agazajo Bar",640/4 Hutton Street Evatt ACT,0456887126,-35.137024750344686,149.2005678098431,123,2,frenchFood,true
"Torchy's Tacos",349/0 Ellery Crescent Yarralumla ACT,0404629651,-35.41019959958198,148.9529092577013,105,4,indianFood,true
"Staybridge Hotel",111/9 Barry Drive Cook ACT,0417090816,-35.16576553583211,149.09253890120675,166,2,indianFood,false
"Yummi Joy",768/9 Hillside Lane Comma ACT,0443799456,-35.29919232597809,149.16812039242112,33,5,mexicanFood,true
"N Lamar Service Station-JN",260/6 Bible Lane Bruce ACT,0460747696,-35.21177430033655,148.97195099545934,179,3,frenchFood,false
"Poco Loco Supermercado - Deli & Bakery",823/3 Phillip Law Street Melba ACT,0469714799,-35.31403309249807,149.05071523145693,53,3,japaneseFood,false
"U-Flote-M",131/8 East Row Scullin ACT,0499970893,-35.22234885693099,149.13113884661266,273,2,indianFood,true
"Alamo Drafthouse Cinema",80/1 Hutton Street Melba ACT,0436302150,-35.226157828672164,149.03359541239192,139,5,chineseFood,true
"Kofuku, LLC/Kyoten",689/4 Mccoy Circuit Bruce ACT,0497167701,-35.15327146678934,149.22746272951096,236,4,italianFood,false
"Arellano Snack Bar",400/4 Edinburgh Avenue Reid ACT,0480314782,-35.264386755021825,149.05422538618578,298,5,thaiFood,false
"Taco Bell",34/8 Moore Street Barton ACT,0403758577,-35.317869726587965,149.17662895496917,283,5,frenchFood,false
"SV - Funkadelic, The",696/9 Parkes Way Cook ACT,0492311360,-35.364214834618544,148.95611828387842,167,1,mexicanFood,false
"Oak Hill Coffee",807/8 Mort Street Ainslie ACT,0420122888,-35.3268488030387,149.00180339342916,81,2,turkishFood,false
"OOB Petro Mart",697/10 Marcus Clarke Street Scullin ACT,0475771444,-35.38074797449199,149.01228237035062,174,5,chineseFood,false
"Mr. Natural",398/10 Kingsley Street Scullin ACT,0487414602,-35.36250352904553,149.01892634044594,169,1,koreanFood,true
"Which Wich",480/5 Riverside Lane Braddon ACT,0411966603,-35.25334617680049,149.14491678030757,30,5,mexicanFood,false
"La Traviata",633/0 Tocumwal Lane Holt ACT,0473851813,-35.18911501198742,149.20335728963835,235,5,italianFood,true
"Walgreens",567/3 Allsop Street Melba ACT,0457339199,-35.39954944312661,149.03696626287578,262,5,italianFood,true
"River City Market",781/1 Rabaul Lane Scullin ACT,0433636003,-35.234328388332926,149.12706653683642,196,4,chineseFood,true
"Dollar General Store",786/6 East Row Melba ACT,0461538713,-35.41692972991798,149.22329525703486,210,3,thaiFood,false
"Cloak Room, The",553/8 Edinburgh Avenue Cook ACT,0461140780,-35.218081961915516,149.13130767705587,102,1,indianFood,true
"Salvation Pizza/Durham Trading Partners X",420/2 Canberra Walk Gungahlin ACT,0480040649,-35.3558065975615,148.99703216950965,146,2,thaiFood,true
"Costco - Bakery",544/6 Vernon Circle Woden ACT,0460977793,-35.15961369713227,149.13231761101724,223,2,indianFood,false
"Heo Eatery",503/4 Darwin Place Ainslie ACT,0400055655,-35.37385546794371,149.04172444565788,115,2,turkishFood,false
"Taqueria Arandas",109/9 Constitution Avenue Woden ACT,0471120397,-35.285685504651276,149.0463484277554,82,5,indianFood,false
"Foodspot",852/0 Marcus Clarke Street Coree ACT,0416404190,-35.436579863807125,149.23162300384888,232,4,frenchFood,false
"Texican Cafe",63/10 Scotts Crossing Page ACT,0442227568,-35.398551529287616,149.12064416578735,142,2,indianFood,false
"Cenote",979/8 Narellan Place Braddon ACT,0469706816,-35.3544192477448,148.98120724578956,157,4,malaysianFood,true
"Cru Wine Bar",455/2 Bible Lane Yarralumla ACT,0470275242,-35.33657796046466,149.1838284600805,91,3,japaneseFood,false
"Accent Food Services",1/8 Garema Place Gungahlin ACT,0468360709,-35.20915884367676,149.20763328665814,251,2,japaneseFood,true
"Last Straw",978/3 Ainslie Avenue Woden ACT,0472763551,-35.13974509368919,149.00906516347771,260,5,turkishFood,true
"BC - Starbucks Coffee",51/8 Knowles Place Evatt ACT,0474452796,-35.24263636997912,148.95712204421974,39,3,italianFood,true
"Chipotle Mexican Grill",724/6 Farrell Place Reid ACT,0419894373,-35.26496661822134,149.19157271135873,140,4,koreanFood,true
"Ridgetop Elementary",577/2 Vernon Circle Spence ACT,0425788832,-35.340799280830794,148.9875119538722,12,4,koreanFood,false
"Church's Chicken Store No. 386",840/5 Cooyong Street Tuggeranong ACT,0490639741,-35.34304954743291,148.98822241159579,92,4,japaneseFood,false
"Wal-Mart",106/10 Mulwala Lane Bruce ACT,0414202216,-35.31131982336914,149.2431401109559,78,1,mexicanFood,false
"LW - Titas Tacos",777/1 Bible Lane Woden ACT,0473142522,-35.30240392018569,149.06365062922455,72,4,italianFood,true
"Wok'N Express",158/8 Narellan Place Holt ACT,0406757682,-35.16385598201834,149.17594223849568,129,2,turkishFood,false
"Palomita Child Development Center",1/2 Rudd Street Scullin ACT,0436219629,-35.239941940335434,149.01773091258116,185,2,japaneseFood,true
"Jugo",395/1 Rudd Street Spence ACT,0430824473,-35.250038885993504,149.24684235420847,262,1,italianFood,false
"Espressoself",705/8 Allsop Street Reid ACT,0417562470,-35.41057253253327,149.15629861560228,55,3,koreanFood,true
"Whole Foods Market - Meat Department",490/5 Mccoy Circuit Coree ACT,0484553236,-35.410652773655144,149.22498548144415,283,1,chineseFood,true
"Progressive Insurance",177/4 William Clemens Street Page ACT,0438913003,-35.36352428752161,149.22783799150707,247,4,japaneseFood,false
"Forest Bluff Grocery",756/1 Tocumwal Lane Cook ACT,0453056091,-35.244245244533325,148.9786351818899,238,3,americanFood,true
"Taco Shack",130/8 Allsop Street Tuggeranong ACT,0493788450,-35.39993105102687,148.9538091911585,182,3,americanFood,false
"Bill Miller BBQ",491/7 Akuna Street Comma ACT,0416710639,-35.270835988029816,148.9829609882711,177,2,mexicanFood,true
"Snarf's",1/2 Garema Place Melba ACT,0416851816,-35.391368278029795,149.0050619474208,39,2,thaiFood,true
"Voodoo Doughnut",223/7 Baldessin Crescent Melba ACT,0489725928,-35.34139189125647,149.11904672889415,282,1,frenchFood,true
"Springhill Suites",309/3 Alinga Street Scullin ACT,0488246369,-35.32913705190006,149.01685802571816,248,4,indianFood,false
"White Horse, The",650/3 Wilden Street Coree ACT,0496804738,-35.37175197176513,149.01240133575055,250,5,malaysianFood,false
"The Bee Grocery",338/1 Verity Lane Kaleen ACT,0480617710,-35.25876989663601,149.01274781748475,290,3,malaysianFood,false
"JD's Supermarket - Bakery/Deli",239/4 Alinga Street Holt ACT,0419184790,-35.15319193977476,149.12317807058082,187,2,thaiFood,false
"Oasis Texas Brewing Co.",967/4 Coranderrk Street Ainslie ACT,0426022355,-35.32632145640186,149.16456766085668,114,1,americanFood,true
"7-Eleven Convenience Store",409/2 Latin American Plaza Scullin ACT,0427642646,-35.38691246178341,149.05743269460066,81,5,italianFood,false
"Dessau Middle School",520/9 William Clemens Street Majura ACT,0411745383,-35.18627747465307,149.0495261567801,155,4,turkishFood,false
"Nelo's Cycles & Coffee",483/9 Hales Street Coree ACT,0430555903,-35.288386307573354,149.01207220289675,258,5,thaiFood,true
"Knight's Assisted Living",148/2 Farrell Place Coree ACT,0443479327,-35.2477453083942,149.1186425421037,274,5,italianFood,false
"Oumi Sushi at Sprouts 125",152/1 Bunda Street Gungahlin ACT,0491463994,-35.21920884839089,149.20641763883378,293,1,japaneseFood,false
"Jack in the Box",731/10 Wilden Street Gungahlin ACT,0402301876,-35.407929151528414,149.00535091683034,16,2,japaneseFood,true
"Austin Gourmet Popcorn",564/1 Hillside Lane Comma ACT,0416748045,-35.43578378639066,149.15253068486268,124,2,americanFood,true
"Lonesome Dove Western Bistro Austin",853/6 Ainslie Place Ainslie ACT,0412225067,-35.302643344306965,148.9798855195137,175,1,americanFood,true
"Bill Miller BBQ",510/4 Rabaul Lane Reid ACT,0417267221,-35.2045030781751,148.98790200916628,38,3,malaysianFood,true
"OOB-LW-Holiday Inn Express & Suites",80/3 Rudd Street Scullin ACT,0435345759,-35.332476327662285,149.23114393030403,151,1,chineseFood,true
"Bucket's Deli & Sports Bar",282/6 Parkes Way Braddon ACT,0430444982,-35.30891190671046,149.16759937992705,276,4,frenchFood,false
"MN - Wal-Mart",149/3 Vernon Circle Reid ACT,0433976725,-35.36635686393841,149.01611837672036,298,1,japaneseFood,false
"Bill Miller's Bar-B-Q",231/5 Farrell Place Evatt ACT,0468577502,-35.28639962460909,149.20817996621156,142,5,americanFood,true
"SV - Tarka Indian Kitchen",935/3 Riverside Lane Gungahlin ACT,0487735201,-35.31809530528467,148.99259557814025,129,3,thaiFood,false
"CAVA Mezze Grill",20/8 Edinburgh Avenue Spence ACT,0471985440,-35.15811883619537,149.1243198814058,142,2,italianFood,true
"WL- Kerbey Lane Cafe -Westlake",192/7 Petrie Street Campell ACT,0482792558,-35.42651973565006,148.99078115714102,168,4,italianFood,true
"Southside Flying Pizza",399/10 Marcus Clarke Street Majura ACT,0435276263,-35.414364387164596,149.05218589576214,131,2,frenchFood,false
"Kerbey Lane Cafe",137/7 William Clemens Street Reid ACT,0427286648,-35.32596304485499,149.17880156669742,212,4,turkishFood,false
"Hop Doddy Burger Bar",616/4 Hales Street Spence ACT,0415855974,-35.186579069611405,149.09016745726305,240,1,turkishFood,false
"ABIA - Ruta Maya",173/7 Hutton Street Ainslie ACT,0448159312,-35.33533746293529,149.2023690174172,43,2,malaysianFood,true
"Race Express",343/3 Mulwala Lane Barton ACT,0457248690,-35.267272103879705,149.1223379733267,241,3,indianFood,false
"Travis High School Child Development Center",881/0 Kingsley Street Majura ACT,0485339897,-35.26964722859981,149.25128366561378,251,1,indianFood,false
"OOB- Stonebridge SN Health Center",691/9 Nangari Street Ainslie ACT,0497734377,-35.42354151813433,149.17722238474718,19,1,koreanFood,true
"CVS Pharmacy",27/5 Nangari Street Braddon ACT,0447399162,-35.315675275068706,149.07059696084465,102,2,turkishFood,true
"Nespresso USA, Inc",684/4 Murden Street Cook ACT,0403016680,-35.26521678266294,149.11948306872904,234,3,mexicanFood,false
"Lee's Almost By The Lake",620/7 Baldessin Crescent Braddon ACT,0444385396,-35.23475766138263,148.9976412553073,233,5,indianFood,true
"Nicholson Early Childhood Education Center",323/7 Rimmer Street Majura ACT,0436278167,-35.223820696812126,149.13131537830873,21,2,italianFood,false
"Hospice Austin",132/10 Darwin Place Page ACT,0442457898,-35.29179488708945,149.17938621237462,227,4,koreanFood,true
"LW - Wendy's Old Fashion Hamburgers",397/0 Rabaul Lane Cook ACT,0454847302,-35.19062021630056,148.98117204168528,69,3,indianFood,false
"Hospira",925/10 Barry Drive Reid ACT,0471361643,-35.34335137484129,149.1628102257782,195,3,turkishFood,false
"MN - Lagos Elementary",389/7 Hutton Street Cook ACT,0468344085,-35.27904875700627,148.96769535510913,150,3,americanFood,false
"Sam's Club",480/6 Ainslie Avenue Scullin ACT,0453480609,-35.297008265018235,148.95578119927134,284,3,indianFood,false
"Taqueria Chapala",947/4 Northbourne Avenue Coree ACT,0449928409,-35.277354598453115,149.02881620731122,52,4,italianFood,true
"2 Dine 4 Fine Catering",968/7 Bunda Street Spence ACT,0486868592,-35.24883327319098,149.0298124589187,158,3,frenchFood,false
"MN-Pizza Hut",367/2 Mccoy Circuit Yarralumla ACT,0432769348,-35.149842975835426,149.22910479254693,265,3,malaysianFood,false
"S H Donuts",331/3 Hobart Place Bruce ACT,0462356858,-35.37784617609312,149.23083023386008,23,3,turkishFood,true
"Mama Fu's Lakeline",23/7 Commonwealth Avenue Latham ACT,0453660378,-35.38673815933509,149.2515528197072,99,4,mexicanFood,false
"Target Store T2288 - Starbucks",395/10 Binara Street Braddon ACT,0498874418,-35.333126184952896,149.0200175293905,21,5,thaiFood,true
"SV - Doc's Backyard",219/3 Rabaul Lane Braddon ACT,0421947665,-35.41599808913727,149.00285944693167,194,4,turkishFood,false
"Tiniest Bar in Texas",503/2 Ainslie Avenue Braddon ACT,0417628905,-35.31609627124646,149.02394860909308,121,4,frenchFood,false
"Fiesta Mart",812/6 Baldessin Crescent Holt ACT,0481704037,-35.25972135543115,149.10835033669042,59,5,japaneseFood,true
"RZN Enterprises Inc.",206/7 Rabaul Lane Yarralumla ACT,0406158736,-35.24504837147903,149.12367211483016,260,5,thaiFood,true
"PF - Pflugerville Donut",493/7 Darwin Place Holt ACT,0420081387,-35.15274744620392,149.01321029735618,29,2,mexicanFood,true
"827 Ray's Kitchen + Cellar",981/4 Tocumwal Lane Braddon ACT,0446599045,-35.37057019106812,149.0897898952558,61,3,koreanFood,false
"Country Boyz Fixins",530/3 Moore Street Latham ACT,0439042764,-35.319550094981786,149.1215768214053,111,4,frenchFood,false
"Thundercloud Subs",439/3 William Clemens Street Downer ACT,0434211803,-35.28888732848179,149.13053971235882,173,1,frenchFood,true
"7 Eleven",158/4 William Clemens Street Comma ACT,0446501130,-35.18034449527232,149.2104248752486,133,1,frenchFood,false
"RW - Nothing Bundt Cakes",858/3 Hillside Lane Gungahlin ACT,0442418334,-35.29170963526371,149.0363388626365,40,2,thaiFood,false
"7-Eleven 36559H",161/9 Marcus Clarke Street Coree ACT,0476023138,-35.22009963001417,149.12027611148548,272,3,italianFood,true
"Marbridge Foundation-Winters",88/3 Odgers Lane Yarralumla ACT,0479305625,-35.29624481125239,149.02809809749374,72,5,japaneseFood,false
"Food' n More",81/0 William Herbert Place Cook ACT,0496217230,-35.33601619050278,149.0940673586119,11,3,americanFood,false
"Luca Villa Pizza",344/3 Bunda Street Majura ACT,0437185235,-35.36479564875586,149.14477302597106,285,4,malaysianFood,true
"Wal-Mart Supercenter",911/1 Genge Street Melba ACT,0475257104,-35.16496196321871,149.07584728824935,227,5,koreanFood,false
"HEB  Retail",792/4 Ellery Crescent Gungahlin ACT,0442044517,-35.24894819101271,149.2375129276594,195,5,koreanFood,false
"Chick-Fil-A",951/3 Phillip Law Street Latham ACT,0431399897,-35.227106608821046,149.18760443499602,45,2,japaneseFood,false
"Starbucks",550/9 Rabaul Lane Latham ACT,0456701843,-35.233329469571174,149.05432424425805,288,3,turkishFood,true
"Whole Foods Market - Grocery",535/5 Edinburgh Avenue Braddon ACT,0443442747,-35.23895935345375,149.1161506580095,38,2,turkishFood,false
"Quinta Caporales Meat Market- Deli",266/10 Petrie Street Gungahlin ACT,0427235766,-35.26579176571305,148.97324000600017,56,2,italianFood,false
"Guckenheimer @ Centene Austin",511/8 Narellan Place Cook ACT,0481314295,-35.24939680354489,149.14250096758892,159,1,malaysianFood,true
"John Connally High School",685/0 Hutton Street Scullin ACT,0411941691,-35.28535756026888,149.0687875124891,150,2,turkishFood,true
"One Taco",535/5 Ballumbir Street Kaleen ACT,0417993051,-35.332982174706714,149.23220815857164,89,4,koreanFood,false
"East Austin College Prep",769/4 Bible Lane Evatt ACT,0462297009,-35.309874145120624,148.99786431639845,284,4,chineseFood,false
"OOB Wild Bubba's Wild Game Grill",892/7 Mort Street Woden ACT,0447355020,-35.22882470650497,149.10953336785786,15,4,indianFood,false
"Accent Food Services",913/1 Allsop Street Barton ACT,0415209849,-35.318017825371165,148.96367144410357,138,4,chineseFood,false
"Austin Cake Ball LLC",90/10 Childers Street Coree ACT,0419203350,-35.150530479922594,148.95645307732224,119,2,chineseFood,false
"Mr. Natural",784/4 Parkes Way Bruce ACT,0452723848,-35.162129033608565,149.09240904294808,250,3,indianFood,false
"BC - Domino's",402/0 Baldessin Crescent Comma ACT,0433617053,-35.27917281428173,149.1597478917023,257,1,koreanFood,true
"Michoacana Natural Ice Cream",911/4 Ballumbir Street Braddon ACT,0412240133,-35.30008235081778,149.08429983537994,265,3,malaysianFood,false
"Subway",44/2 Mccoy Circuit Coree ACT,0458669971,-35.422642730645286,148.98230966175018,279,4,thaiFood,false
"Pflugerville Donuts",503/0 Canberra Walk Campell ACT,0433380421,-35.174160322509536,149.0049249145265,14,5,chineseFood,true
"Residence Inn Austin Northwest / Near the Domain",398/8 Verity Lane Reid ACT,0444037621,-35.206264986744934,149.0265446758973,39,5,japaneseFood,false
"Tan My Restaurant",498/1 Rimmer Street Latham ACT,0423688856,-35.263213234764834,149.22007915484502,296,1,malaysianFood,true
"SV-Jenny Craig Weight Loss Center",370/4 Moore Street Bruce ACT,0446412916,-35.32078363023198,149.08112099815878,131,2,indianFood,false
"Home Slice Pizza",698/5 Farrell Place Spence ACT,0477931923,-35.409009469065516,149.18694779212737,222,1,chineseFood,false
"Blue Star Alkaline Water Store",107/9 Kendall Lane Majura ACT,0401897112,-35.40568196626738,149.01358601664506,212,2,thaiFood,true
"Sonic Drive In",773/6 Rudd Street Cook ACT,0498292496,-35.24750090659656,148.95926494593192,127,5,indianFood,false
"Flower Child",558/3 Binara Street Kaleen ACT,0470976103,-35.18759718084054,149.24474339971528,73,5,indianFood,false
"Guckenheimer",333/3 Childers Street Holt ACT,0403016689,-35.17581121566734,148.98182635061113,288,4,indianFood,false
"Barbara Jordan Elem School",527/5 Moore Street Gungahlin ACT,0462612409,-35.14928054590744,149.11079199238145,166,2,malaysianFood,true
"Green Pastures",156/2 West Row Holt ACT,0455731130,-35.39503001677133,149.03310035703296,11,5,turkishFood,true
"BC - Primrose School of Bee Cave",487/8 Narellan Place Page ACT,0426759451,-35.13817663992096,149.25271262319535,52,1,frenchFood,true
"Casulo Cafe",294/1 Ballumbir Street Braddon ACT,0432995947,-35.333290324640735,149.1146802701782,200,2,thaiFood,true
"Mom's Taste",933/7 William Herbert Place Majura ACT,0436951922,-35.166917391489264,149.14793941395465,172,3,frenchFood,true
"Chuck E. Cheese's",210/8 Knowles Place Cook ACT,0458461745,-35.43105064387189,149.24813287692362,113,1,turkishFood,false
"Marshall Ford Grocery",102/9 Barry Drive Tuggeranong ACT,0430758439,-35.27660027299917,149.14916092891536,268,1,koreanFood,true
"Mangia Pizza",484/1 Hales Street Page ACT,0421256106,-35.21988558565014,149.13121428117728,82,1,malaysianFood,false
"Austin Country Club - Pool Snack Bar",808/1 Verity Lane Holt ACT,0492782141,-35.29815609374079,148.95497233359308,35,3,turkishFood,false
"Fujian Grand China Buffet",323/10 Narellan Street Majura ACT,0475380854,-35.236960429236035,149.18546630521277,187,3,italianFood,false
"Colonial Gardens of Austin A-2",239/6 Tocumwal Lane Melba ACT,0439799268,-35.40967323680115,149.12745760937815,138,1,malaysianFood,true
"Aviary",588/2 London Circuit Campell ACT,0462564563,-35.38894191587105,149.23387165840467,58,5,americanFood,false
"Subway",258/8 Latin American Plaza Campell ACT,0438935507,-35.261751341823015,149.07095100787484,60,1,americanFood,true
"Austin Beer Garden Brewing Co., The",400/0 Mort Street Evatt ACT,0444788948,-35.34568031977102,149.20159848372919,237,5,chineseFood,false
"BC - Whole Foods Market - Produce",702/5 Gordon Street Melba ACT,0493266054,-35.17725827894212,149.02568042653422,285,5,americanFood,false
"Berkman Food Mart",935/6 Parkes Way Woden ACT,0458585020,-35.29260977488351,149.13374200003204,258,5,italianFood,false
"Which Wich",281/5 Cooyong Street Downer ACT,0465572354,-35.20890142640361,149.00913753374456,77,2,turkishFood,true
"WL - HEB",814/5 Vernon Circle Majura ACT,0484938352,-35.15346550768838,149.1052859239322,147,2,chineseFood,true
"7-Eleven Convenience Store",535/5 Alinga Street Yarralumla ACT,0451453602,-35.3138512776932,149.02046971435206,248,4,indianFood,false
"Paco's Tacos",426/8 Wilden Street Coree ACT,0442439914,-35.33777696323273,149.1823705205762,254,4,indianFood,true
"Golden Rooster Feed General Store",973/7 University Avenue Cook ACT,0415915991,-35.377876823170325,149.0783091763997,48,1,mexicanFood,true
"Gullett Elementary",967/3 William Herbert Place Coree ACT,0408217261,-35.31789531914479,149.25043720547444,109,2,italianFood,false
"Riverside Golf Course",74/3 Tocumwal Lane Kaleen ACT,0406426175,-35.309365552688575,149.12506620756145,160,4,koreanFood,true
"Jardin Corona",533/3 Commonwealth Avenue Latham ACT,0412489957,-35.223396109748805,149.23083447653897,238,1,mexicanFood,true
"Cedar Corner Store",782/1 Mort Street Campell ACT,0469663374,-35.29874256889811,149.20330385068584,90,4,chineseFood,false
"Thistle Cafe",662/5 Rimmer Street Evatt ACT,0463350649,-35.14144174730539,149.134437596814,161,3,japaneseFood,false
"New Speedway",156/0 William Clemens Street Ainslie ACT,0490055451,-35.34264880740679,149.24701277432004,240,3,indianFood,false
"Jersey Mike's Subs",709/2 Theatre Lane Page ACT,0489581951,-35.23620607567649,149.0623933469169,237,3,indianFood,true
"Jack in the Box",201/5 Repertory Lane Gungahlin ACT,0405768551,-35.25872369380735,149.18346494029203,53,4,malaysianFood,false
"HEB Foods Store",843/4 Wilden Street Campell ACT,0434154445,-35.17966214065967,149.1247685048538,285,3,mexicanFood,true
"Shop N Carry",949/5 Garema Place Scullin ACT,0467973048,-35.37962548262307,148.99785878716625,212,5,americanFood,true
"MOD Pizza",715/0 Hillside Lane Barton ACT,0430232892,-35.35520989480988,149.1746724745602,11,4,thaiFood,false
"Long John Silver's",748/7 Cooyong Street Melba ACT,0453550643,-35.320425768499156,149.08481084759364,95,2,japaneseFood,false
"OOB - Comfort Suites Hotel",803/4 Coranderrk Street Melba ACT,0441104918,-35.3745248191706,148.95542131037428,24,2,chineseFood,false
"Central Star Lodge",568/10 Darwin Place Yarralumla ACT,0400106642,-35.33284571084169,149.2065680021351,124,4,koreanFood,true
"OOB - Red's Porch",151/0 Alinga Street Melba ACT,0410827483,-35.28853237647693,149.1910078310658,37,2,americanFood,false
"East Side Market",25/4 Marcus Clarke Street Ainslie ACT,0426222209,-35.20349414644012,149.1906118926183,298,2,mexicanFood,false
"Taqueria La Familia Mex Restaurant Inc",275/4 Narellan Street Yarralumla ACT,0492555314,-35.329395489972,149.0932354443823,116,4,japaneseFood,false
"Chapala Restaurant & Fruit Cup",243/10 Binara Street Yarralumla ACT,0413653328,-35.33648046187256,148.97882254224388,238,2,americanFood,true
"St Francis School",825/8 Latin American Plaza Gungahlin ACT,0415741836,-35.40166285585056,149.21250968658174,270,3,indianFood,true
"Pho Van",632/8 University Avenue Ainslie ACT,0492002369,-35.43853196614925,149.10219718774252,256,5,frenchFood,false
"Zoe's Kitchen",36/10 Canberra Walk Holt ACT,0404605435,-35.423251366684376,149.12047107387065,196,5,indianFood,false
"Garbo's Lobster",164/7 Scotts Crossing Holt ACT,0427798851,-35.32912821516661,148.9713777222656,235,3,malaysianFood,false
"Twin Creeks Country Club",432/5 Petrie Street Braddon ACT,0483254816,-35.40723666641963,149.0462751519895,195,3,japaneseFood,false
"Biderman's Deli, LLC",611/10 Ballumbir Street Majura ACT,0449313770,-35.259175537378624,149.15241294335922,300,5,mexicanFood,false
"Davod's Mediterranean Market",464/2 William Clemens Street Braddon ACT,0410041577,-35.2164275499266,148.9514689026924,165,3,americanFood,false
"Jo's Hot Coffee Good Food",777/2 Allsop Street Cook ACT,0441643933,-35.33958941065716,149.17213481151876,88,2,mexicanFood,false
"La Quinta Inn",74/2 Narellan Street Bruce ACT,0469817704,-35.299192509840275,149.1504795164596,98,4,turkishFood,false
"Smoothie Factory",381/3 Akuna Street Bruce ACT,0497202589,-35.39726120824946,149.0517451023641,288,4,turkishFood,false
"Wal-Mart Supercenter",879/0 Bible Lane Barton ACT,0449077539,-35.24503422870489,149.07311687254779,87,4,turkishFood,true
"Peace of Mind",240/7 Narellan Place Reid ACT,0498271541,-35.136873491780435,149.2111275587876,24,5,mexicanFood,false
"The Children's Center of Austin",314/5 Ainslie Avenue Campell ACT,0417365019,-35.426243900074226,149.21289231649538,218,4,frenchFood,true
"Nurturing Child Care Center",689/0 Coranderrk Street Kaleen ACT,0479949684,-35.13813876731196,148.96586068664433,44,5,indianFood,true
"Longhorn Village - Memory Support Country Kitchen",245/5 Knowles Place Ainslie ACT,0420408254,-35.16139757394004,149.2264030929027,147,5,turkishFood,false
"Applebee's",586/5 The Mews Downer ACT,0473095437,-35.29691359637446,149.07898338811066,54,3,malaysianFood,false
"Uchiko",807/10 Rimmer Street Cook ACT,0479374174,-35.24095439549823,149.01376539717768,243,2,koreanFood,true
"Walnut Market",496/9 Hillside Lane Woden ACT,0402101739,-35.35004973644111,149.12488755404644,178,2,koreanFood,false
"E Braker Lane Food Mart",417/5 Hales Street Woden ACT,0445420792,-35.32071148075214,149.07148007180203,160,5,japaneseFood,false
"Fleming's Prime Steakhouse & Wine Bar",977/1 London Circuit Woden ACT,0416613557,-35.19652711210298,149.1299628426487,38,5,mexicanFood,false
"House Park Bar-B-Que",884/2 Knowles Place Tuggeranong ACT,0485314642,-35.21080702411159,148.96408433013343,289,2,turkishFood,false
"Da Slice",84/8 University Avenue Melba ACT,0452266970,-35.43829854225892,149.18135078750555,272,3,koreanFood,true
"Little Woodrow's",245/9 Murulla Lane Holt ACT,0444088645,-35.1575401573646,149.1998418815427,127,2,mexicanFood,true
"Sugar Mama's Bakeshop",329/7 Moore Street Scullin ACT,0449484282,-35.4015961278545,149.05181914940724,69,3,indianFood,false
"Panda Express",729/9 Canberra Walk Kaleen ACT,0461587316,-35.35978044017396,149.0809522925895,225,3,koreanFood,false
"Michelle's Patisserie",732/7 Baldessin Crescent Spence ACT,0421732685,-35.432071713446064,148.99740531605283,288,5,americanFood,false
"BC - Schmidt Family Barbecue",677/3 Bible Lane Cook ACT,0462539795,-35.34583164063479,149.1019712546952,86,1,italianFood,true
"El Rancho Supermarker",775/9 Kendall Lane Scullin ACT,0430852541,-35.41224724477084,149.17138119000822,266,2,japaneseFood,false
"Smoothie King",602/9 Knowles Place Tuggeranong ACT,0427317706,-35.38072714211009,149.15665977262165,176,4,thaiFood,false
"Heritage of Gaines Ranch-Main Kit",186/0 Hutton Street Holt ACT,0489439971,-35.41862286953572,148.9993827204411,153,2,malaysianFood,true
"McDonalds's",158/10 Genge Street Braddon ACT,0459581600,-35.24607831738913,149.11925026523681,235,1,thaiFood,false
"O'Neill's Catering",873/10 Vernon Circle Bruce ACT,0477577378,-35.40153330781764,148.96369474405526,113,4,japaneseFood,true
"INKA Chicken",197/4 Wilden Street Evatt ACT,0428699419,-35.31970629828943,149.10309341067537,259,2,koreanFood,true
"LW - Juiceland",423/2 Edinburgh Avenue Yarralumla ACT,0419634868,-35.37084034719384,148.9941098739675,107,5,koreanFood,false
"OOB-SpringHill Suites",208/8 Rudd Street Kaleen ACT,0480555358,-35.38581589033575,149.04487679080248,84,2,japaneseFood,true
"Dollar General",209/4 Childers Street Scullin ACT,0401845571,-35.21688166719692,149.17885186129587,41,3,indianFood,true
"JK Diamond",227/8 Narellan Street Gungahlin ACT,0457469822,-35.189619569454806,149.09486565020168,166,2,italianFood,false
"Four Points Middle School",280/7 Petrie Plaza Kaleen ACT,0418535851,-35.20256158303614,148.97367277892354,259,1,malaysianFood,true
"Vinaigrette TX LLC",923/8 Odgers Lane Ainslie ACT,0448414553,-35.19205345586627,149.15900687839223,43,5,turkishFood,true
"Govalle Elementary",807/8 Northbourne Avenue Latham ACT,0414886695,-35.37747275094719,148.98148424845118,59,1,chineseFood,false
"Polvos Mexican Rest",618/2 University Avenue Melba ACT,0460016534,-35.33546944831679,149.13622969666315,95,4,frenchFood,false
"JJ Pickle Elementary School",13/9 Ainslie Place Page ACT,0457174570,-35.406519263777234,149.20047833053812,128,5,italianFood,true
"Pavilion At Great Hills, The",758/0 Mulwala Lane Latham ACT,0442826329,-35.305450948128275,149.20008702202324,19,3,chineseFood,false
"Lola Savannah Coffee",278/4 Marcus Clarke Street Majura ACT,0429458865,-35.324670384846826,149.08095696174908,295,1,italianFood,false
"Las Lomas Mexican Restaurant",538/9 Kingsley Street Barton ACT,0468600020,-35.37716995090578,149.11459147781042,221,5,frenchFood,true
"Carrabba's Italian Grill",287/4 Akuna Street Braddon ACT,0469518495,-35.17886791035848,149.2365338349793,50,3,frenchFood,false
"Colonial Gardens of Austin A-2",138/8 Baldessin Crescent Latham ACT,0405054081,-35.26157389673433,149.03104713224522,269,5,japaneseFood,false
"Star Stop 33",48/4 Northbourne Avenue Bruce ACT,0482271695,-35.425745855583116,149.20401111666683,75,1,italianFood,false
"Kwik Chek",78/6 Cooyong Street Coree ACT,0423208279,-35.372073936395196,149.0539791631796,169,3,malaysianFood,false
"Twin Peaks",295/6 Wilden Street Ainslie ACT,0454566160,-35.16200639979804,148.96624784660796,271,3,malaysianFood,true
"KIPP Austin Public Schools",817/7 Hales Street Campell ACT,0424364080,-35.33792703847408,149.04680779344775,75,2,malaysianFood,false
"413 Bar",729/2 Constitution Avenue Comma ACT,0450138070,-35.26375254781612,149.10106368688002,279,2,japaneseFood,true
"MN - Supper Donuts",566/0 Rabaul Lane Page ACT,0427642901,-35.214355769479326,149.04985381783135,264,4,italianFood,false
"Club Tu Dia Es Hoy",26/0 Odgers Lane Campell ACT,0459532717,-35.24810386146785,149.05979752674492,145,5,thaiFood,true
"BC - Jersey Giant Pizza",926/4 Gordon Street Bruce ACT,0469635436,-35.181122399019344,149.08834130615725,134,4,turkishFood,true
"It's All Good Bar B Q",995/9 Phillip Law Street Cook ACT,0458982534,-35.23020741600708,149.15687094483533,200,2,indianFood,false
"LW - Lakeway Elementary School",479/8 Hutton Street Comma ACT,0412811207,-35.32970791736366,149.06719507747007,53,3,italianFood,true
"Hold Out Brewing",167/0 Riverside Lane Scullin ACT,0419386588,-35.29553150616048,149.01521681276463,25,1,turkishFood,true
"Anita Uphaus Early Childhood Center",838/6 Narellan Street Braddon ACT,0451545391,-35.1456651023132,149.14328397330303,159,5,indianFood,false
"Residence Inn By Marriott",57/4 Mulwala Lane Downer ACT,0491149626,-35.42617491260729,149.2044129557685,40,3,thaiFood,false
"Rabbit Food Grocery",750/3 Hutton Street Melba ACT,0417601969,-35.28506710856997,149.01044913348704,293,1,koreanFood,false
"Cocinita La Dona",724/0 Farrell Place Barton ACT,0433845511,-35.402462865561006,149.17170178434264,68,4,thaiFood,false
"Family Dollar Store",244/0 Northbourne Avenue Bruce ACT,0472259073,-35.21710707307489,149.2159992955528,280,1,chineseFood,false
"St. Andrew's Episcopal School-Cafeteria",14/3 Vernon Circle Bruce ACT,0420471437,-35.43430587673033,149.14037779552905,187,4,turkishFood,true
"Abacus School of Austin",74/5 Barry Drive Downer ACT,0473176684,-35.18521108347269,149.16924051398786,205,5,americanFood,false
"Einstein Bros Bagels",561/10 Alinga Street Bruce ACT,0494723430,-35.15752715418068,149.19920692012187,73,3,mexicanFood,false
"Rutland Market",458/5 Rabaul Lane Ainslie ACT,0467464493,-35.336365079782624,149.1906282374021,258,2,koreanFood,false
"AMG Mart",970/3 Scotts Crossing Braddon ACT,0434691678,-35.29730941297305,149.223773001205,134,3,thaiFood,false
"Accent Food Services",189/2 Farrell Place Downer ACT,0403159992,-35.20310250432029,149.166327905015,127,5,koreanFood,false
"Pink Monkey Snack Bar 2",972/7 Petrie Street Evatt ACT,0431695581,-35.363456727285154,148.99663036961854,232,4,americanFood,false
"Xplor",437/10 University Avenue Yarralumla ACT,0496234378,-35.349170647183755,149.01025440061792,181,2,frenchFood,false
